{
	"info": {
		"_postman_id": "fa4cc794-bdf1-4235-8e90-86d543c4a182",
		"name": "Alura",
		"schema": "https://schema.getpostman.com/json/collection/v2.1.0/collection.json",
		"_exporter_id": "3332102"
	},
	"item": [
		{
			"name": "Carango Bom",
			"item": [
				{
					"name": "Marca",
					"item": [
						{
							"name": "Cadastrar marca",
							"request": {
								"method": "POST",
								"header": [
									{
										"key": "Authorization",
										"value": "Bearer {{auth_token}}",
										"type": "text"
									}
								],
								"body": {
									"mode": "raw",
									"raw": "{\n    \"nome\":\"Honda\"\n}",
									"options": {
										"raw": {
											"language": "json"
										}
									}
								},
								"url": {
									"raw": "http://localhost:8080/marcas",
									"protocol": "http",
									"host": [
										"localhost"
									],
									"port": "8080",
									"path": [
										"marcas"
									]
								}
							},
							"response": []
						},
						{
							"name": "Listar",
							"protocolProfileBehavior": {
								"disableBodyPruning": true
							},
							"request": {
								"method": "GET",
								"header": [
									{
										"key": "Authorization",
										"value": "Bearer {{auth_token}}",
										"type": "text"
									}
								],
								"body": {
									"mode": "raw",
									"raw": "{\n    \"nome\":\"Toyota\"\n}",
									"options": {
										"raw": {
											"language": "json"
										}
									}
								},
								"url": {
									"raw": "http://localhost:8080/marcas?size=10&page=0",
									"protocol": "http",
									"host": [
										"localhost"
									],
									"port": "8080",
									"path": [
										"marcas"
									],
									"query": [
										{
											"key": "size",
											"value": "10"
										},
										{
											"key": "page",
											"value": "0"
										}
									]
								}
							},
							"response": []
						},
						{
							"name": "Detalhar",
							"protocolProfileBehavior": {
								"disableBodyPruning": true
							},
							"request": {
								"method": "GET",
								"header": [
									{
										"key": "Authorization",
										"value": "Bearer {{auth_token}}",
										"type": "text"
									}
								],
								"body": {
									"mode": "raw",
									"raw": "{\n    \"nome\":\"Toyota\"\n}",
									"options": {
										"raw": {
											"language": "json"
										}
									}
								},
								"url": {
									"raw": "http://localhost:8080/marcas/1",
									"protocol": "http",
									"host": [
										"localhost"
									],
									"port": "8080",
									"path": [
										"marcas",
										"1"
									]
								}
							},
							"response": []
						},
						{
							"name": "Atualizar",
							"request": {
								"method": "PUT",
								"header": [
									{
										"key": "Authorization",
										"value": "Bearer {{auth_token}}",
										"type": "text"
									}
								],
								"body": {
									"mode": "raw",
									"raw": "{\n    \"nome\":\"GOL\"\n}",
									"options": {
										"raw": {
											"language": "json"
										}
									}
								},
								"url": {
									"raw": "http://localhost:8080/marcas/1",
									"protocol": "http",
									"host": [
										"localhost"
									],
									"port": "8080",
									"path": [
										"marcas",
										"1"
									]
								}
							},
							"response": []
						}
					]
				},
				{
					"name": "Veiculo",
					"item": [
						{
							"name": "Cadastrar veiculo",
							"request": {
								"method": "POST",
								"header": [
									{
										"key": "Authorization",
										"value": "Bearer {{auth_token}}",
										"type": "text"
									}
								],
								"body": {
									"mode": "raw",
									"raw": "{\n    \"idMarca\": \"1\",\n    \"modelo\": \"Gol\",\n    \"ano\": \"2001\",\n    \"valor\": \"1.1\"\n}",
									"options": {
										"raw": {
											"language": "json"
										}
									}
								},
								"url": {
									"raw": "http://localhost:8080/veiculos",
									"protocol": "http",
									"host": [
										"localhost"
									],
									"port": "8080",
									"path": [
										"veiculos"
									]
								}
							},
							"response": []
						},
						{
							"name": "Atualizacao",
							"request": {
								"method": "PUT",
								"header": [
									{
										"key": "Authorization",
										"value": "Bearer {{auth_token}}",
										"type": "text"
									}
								],
								"body": {
									"mode": "raw",
									"raw": "{\n    \"idMarca\": \"1\",\n    \"modelo\": \"GOLF\",\n    \"ano\": \"2001\",\n    \"valor\": \"1.1\"\n}",
									"options": {
										"raw": {
											"language": "json"
										}
									}
								},
								"url": {
									"raw": "http://localhost:8080/veiculos/1",
									"protocol": "http",
									"host": [
										"localhost"
									],
									"port": "8080",
									"path": [
										"veiculos",
										"1"
									]
								}
							},
							"response": []
						},
						{
							"name": "Deletar",
							"request": {
								"method": "DELETE",
								"header": [
									{
										"key": "Authorization",
										"value": "Bearer {{auth_token}}",
										"type": "text"
									}
								],
								"url": {
									"raw": "http://localhost:8080/veiculos/1",
									"protocol": "http",
									"host": [
										"localhost"
									],
									"port": "8080",
									"path": [
										"veiculos",
										"1"
									]
								}
							},
							"response": []
						},
						{
							"name": "Listar",
							"request": {
								"auth": {
									"type": "noauth"
								},
								"method": "GET",
								"header": [
									{
										"key": "Authorization",
										"value": "Bearer {{auth_token}}",
										"type": "text"
									}
								],
								"url": {
									"raw": "http://localhost:8080/veiculos?size=10&page=0",
									"protocol": "http",
									"host": [
										"localhost"
									],
									"port": "8080",
									"path": [
										"veiculos"
									],
									"query": [
										{
											"key": "size",
											"value": "10"
										},
										{
											"key": "page",
											"value": "0"
										}
									]
								}
							},
							"response": [
								{
									"name": "Listar",
									"originalRequest": {
										"method": "GET",
										"header": [
											{
												"key": "Authorization",
												"value": "Bearer {{auth_token}}",
												"type": "text"
											}
										],
										"url": {
											"raw": "http://localhost:8080/veiculos?size=10&page=0",
											"protocol": "http",
											"host": [
												"localhost"
											],
											"port": "8080",
											"path": [
												"veiculos"
											],
											"query": [
												{
													"key": "size",
													"value": "10"
												},
												{
													"key": "page",
													"value": "0"
												}
											]
										}
									},
									"status": "OK",
									"code": 200,
									"_postman_previewlanguage": "json",
									"header": [
										{
											"key": "Vary",
											"value": "Origin"
										},
										{
											"key": "Vary",
											"value": "Access-Control-Request-Method"
										},
										{
											"key": "Vary",
											"value": "Access-Control-Request-Headers"
										},
										{
											"key": "X-Content-Type-Options",
											"value": "nosniff"
										},
										{
											"key": "X-XSS-Protection",
											"value": "0"
										},
										{
											"key": "Cache-Control",
											"value": "no-cache, no-store, max-age=0, must-revalidate"
										},
										{
											"key": "Pragma",
											"value": "no-cache"
										},
										{
											"key": "Expires",
											"value": "0"
										},
										{
											"key": "X-Frame-Options",
											"value": "DENY"
										},
										{
											"key": "Content-Type",
											"value": "application/json"
										},
										{
											"key": "Transfer-Encoding",
											"value": "chunked"
										},
										{
											"key": "Date",
											"value": "Sun, 23 Mar 2025 15:56:31 GMT"
										},
										{
											"key": "Keep-Alive",
											"value": "timeout=60"
										},
										{
											"key": "Connection",
											"value": "keep-alive"
										}
									],
									"cookie": [],
									"body": "{\"content\":[{\"id\":2,\"marca\":{\"id\":1,\"nome\":\"Toyota\",\"veiculoEntity\":[{\"id\":2,\"marca\":{\"id\":1,\"nome\":\"Toyota\",\"veiculoEntity\":[{\"id\":2,\"marca\":{\"id\":1,\"nome\":\"Toyota\",\"veiculoEntity\":[{\"id\":2,\"marca\":{\"id\":1,\"nome\":\"Toyota\",\"veiculoEntity\":[{\"id\":2,\"marca\":{\"id\":1,\"nome\":\"Toyota\",\"veiculoEntity\":[{\"id\":2,\"marca\":{\"id\":1,\"nome\":\"Toyota\",\"veiculoEntity\":[{\"id\":2,\"marca\":{\"id\":1,\"nome\":\"Toyota\",\"veiculoEntity\":[{\"id\":2,\"marca\":{\"id\":1,\"nome\":\"Toyota\",\"veiculoEntity\":[{\"id\":2,\"marca\":{\"id\":1,\"nome\":\"Toyota\",\"veiculoEntity\":[{\"id\":2,\"marca\":{\"id\":1,\"nome\":\"Toyota\",\"veiculoEntity\":[{\"id\":2,\"marca\":{\"id\":1,\"nome\":\"Toyota\",\"veiculoEntity\":[{\"id\":2,\"marca\":{\"id\":1,\"nome\":\"Toyota\",\"veiculoEntity\":[{\"id\":2,\"marca\":{\"id\":1,\"nome\":\"Toyota\",\"veiculoEntity\":[{\"id\":2,\"marca\":{\"id\":1,\"nome\":\"Toyota\",\"veiculoEntity\":[{\"id\":2,\"marca\":{\"id\":1,\"nome\":\"Toyota\",\"veiculoEntity\":[{\"id\":2,\"marca\":{\"id\":1,\"nome\":\"Toyota\",\"veiculoEntity\":[{\"id\":2,\"marca\":{\"id\":1,\"nome\":\"Toyota\",\"veiculoEntity\":[{\"id\":2,\"marca\":{\"id\":1,\"nome\":\"Toyota\",\"veiculoEntity\":[{\"id\":2,\"marca\":{\"id\":1,\"nome\":\"Toyota\",\"veiculoEntity\":[{\"id\":2,\"marca\":{\"id\":1,\"nome\":\"Toyota\",\"veiculoEntity\":[{\"id\":2,\"marca\":{\"id\":1,\"nome\":\"Toyota\",\"veiculoEntity\":[{\"id\":2,\"marca\":{\"id\":1,\"nome\":\"Toyota\",\"veiculoEntity\":[{\"id\":2,\"marca\":{\"id\":1,\"nome\":\"Toyota\",\"veiculoEntity\":[{\"id\":2,\"marca\":{\"id\":1,\"nome\":\"Toyota\",\"veiculoEntity\":[{\"id\":2,\"marca\":{\"id\":1,\"nome\":\"Toyota\",\"veiculoEntity\":[{\"id\":2,\"marca\":{\"id\":1,\"nome\":\"Toyota\",\"veiculoEntity\":[{\"id\":2,\"marca\":{\"id\":1,\"nome\":\"Toyota\",\"veiculoEntity\":[{\"id\":2,\"marca\":{\"id\":1,\"nome\":\"Toyota\",\"veiculoEntity\":[{\"id\":2,\"marca\":{\"id\":1,\"nome\":\"Toyota\",\"veiculoEntity\":[{\"id\":2,\"marca\":{\"id\":1,\"nome\":\"Toyota\",\"veiculoEntity\":[{\"id\":2,\"marca\":{\"id\":1,\"nome\":\"Toyota\",\"veiculoEntity\":[{\"id\":2,\"marca\":{\"id\":1,\"nome\":\"Toyota\",\"veiculoEntity\":[{\"id\":2,\"marca\":{\"id\":1,\"nome\":\"Toyota\",\"veiculoEntity\":[{\"id\":2,\"marca\":{\"id\":1,\"nome\":\"Toyota\",\"veiculoEntity\":[{\"id\":2,\"marca\":{\"id\":1,\"nome\":\"Toyota\",\"veiculoEntity\":[{\"id\":2,\"marca\":{\"id\":1,\"nome\":\"Toyota\",\"veiculoEntity\":[{\"id\":2,\"marca\":{\"id\":1,\"nome\":\"Toyota\",\"veiculoEntity\":[{\"id\":2,\"marca\":{\"id\":1,\"nome\":\"Toyota\",\"veiculoEntity\":[{\"id\":2,\"marca\":{\"id\":1,\"nome\":\"Toyota\",\"veiculoEntity\":[{\"id\":2,\"marca\":{\"id\":1,\"nome\":\"Toyota\",\"veiculoEntity\":[{\"id\":2,\"marca\":{\"id\":1,\"nome\":\"Toyota\",\"veiculoEntity\":[{\"id\":2,\"marca\":{\"id\":1,\"nome\":\"Toyota\",\"veiculoEntity\":[{\"id\":2,\"marca\":{\"id\":1,\"nome\":\"Toyota\",\"veiculoEntity\":[{\"id\":2,\"marca\":{\"id\":1,\"nome\":\"Toyota\",\"veiculoEntity\":[{\"id\":2,\"marca\":{\"id\":1,\"nome\":\"Toyota\",\"veiculoEntity\":[{\"id\":2,\"marca\":{\"id\":1,\"nome\":\"Toyota\",\"veiculoEntity\":[{\"id\":2,\"marca\":{\"id\":1,\"nome\":\"Toyota\",\"veiculoEntity\":[{\"id\":2,\"marca\":{\"id\":1,\"nome\":\"Toyota\",\"veiculoEntity\":[{\"id\":2,\"marca\":{\"id\":1,\"nome\":\"Toyota\",\"veiculoEntity\":[{\"id\":2,\"marca\":{\"id\":1,\"nome\":\"Toyota\",\"veiculoEntity\":[{\"id\":2,\"marca\":{\"id\":1,\"nome\":\"Toyota\",\"veiculoEntity\":[{\"id\":2,\"marca\":{\"id\":1,\"nome\":\"Toyota\",\"veiculoEntity\":[{\"id\":2,\"marca\":{\"id\":1,\"nome\":\"Toyota\",\"veiculoEntity\":[{\"id\":2,\"marca\":{\"id\":1,\"nome\":\"Toyota\",\"veiculoEntity\":[{\"id\":2,\"marca\":{\"id\":1,\"nome\":\"Toyota\",\"veiculoEntity\":[{\"id\":2,\"marca\":{\"id\":1,\"nome\":\"Toyota\",\"veiculoEntity\":[{\"id\":2,\"marca\":{\"id\":1,\"nome\":\"Toyota\",\"veiculoEntity\":[{\"id\":2,\"marca\":{\"id\":1,\"nome\":\"Toyota\",\"veiculoEntity\":[{\"id\":2,\"marca\":{\"id\":1,\"nome\":\"Toyota\",\"veiculoEntity\":[{\"id\":2,\"marca\":{\"id\":1,\"nome\":\"Toyota\",\"veiculoEntity\":[{\"id\":2,\"marca\":{\"id\":1,\"nome\":\"Toyota\",\"veiculoEntity\":[{\"id\":2,\"marca\":{\"id\":1,\"nome\":\"Toyota\",\"veiculoEntity\":[{\"id\":2,\"marca\":{\"id\":1,\"nome\":\"Toyota\",\"veiculoEntity\":[{\"id\":2,\"marca\":{\"id\":1,\"nome\":\"Toyota\",\"veiculoEntity\":[{\"id\":2,\"marca\":{\"id\":1,\"nome\":\"Toyota\",\"veiculoEntity\":[{\"id\":2,\"marca\":{\"id\":1,\"nome\":\"Toyota\",\"veiculoEntity\":[{\"id\":2,\"marca\":{\"id\":1,\"nome\":\"Toyota\",\"veiculoEntity\":[{\"id\":2,\"marca\":{\"id\":1,\"nome\":\"Toyota\",\"veiculoEntity\":[{\"id\":2,\"marca\":{\"id\":1,\"nome\":\"Toyota\",\"veiculoEntity\":[{\"id\":2,\"marca\":{\"id\":1,\"nome\":\"Toyota\",\"veiculoEntity\":[{\"id\":2,\"marca\":{\"id\":1,\"nome\":\"Toyota\",\"veiculoEntity\":[{\"id\":2,\"marca\":{\"id\":1,\"nome\":\"Toyota\",\"veiculoEntity\":[{\"id\":2,\"marca\":{\"id\":1,\"nome\":\"Toyota\",\"veiculoEntity\":[{\"id\":2,\"marca\":{\"id\":1,\"nome\":\"Toyota\",\"veiculoEntity\":[{\"id\":2,\"marca\":{\"id\":1,\"nome\":\"Toyota\",\"veiculoEntity\":[{\"id\":2,\"marca\":{\"id\":1,\"nome\":\"Toyota\",\"veiculoEntity\":[{\"id\":2,\"marca\":{\"id\":1,\"nome\":\"Toyota\",\"veiculoEntity\":[{\"id\":2,\"marca\":{\"id\":1,\"nome\":\"Toyota\",\"veiculoEntity\":[{\"id\":2,\"marca\":{\"id\":1,\"nome\":\"Toyota\",\"veiculoEntity\":[{\"id\":2,\"marca\":{\"id\":1,\"nome\":\"Toyota\",\"veiculoEntity\":[{\"id\":2,\"marca\":{\"id\":1,\"nome\":\"Toyota\",\"veiculoEntity\":[{\"id\":2,\"marca\":{\"id\":1,\"nome\":\"Toyota\",\"veiculoEntity\":[{\"id\":2,\"marca\":{\"id\":1,\"nome\":\"Toyota\",\"veiculoEntity\":[{\"id\":2,\"marca\":{\"id\":1,\"nome\":\"Toyota\",\"veiculoEntity\":[{\"id\":2,\"marca\":{\"id\":1,\"nome\":\"Toyota\",\"veiculoEntity\":[{\"id\":2,\"marca\":{\"id\":1,\"nome\":\"Toyota\",\"veiculoEntity\":[{\"id\":2,\"marca\":{\"id\":1,\"nome\":\"Toyota\",\"veiculoEntity\":[{\"id\":2,\"marca\":{\"id\":1,\"nome\":\"Toyota\",\"veiculoEntity\":[{\"id\":2,\"marca\":{\"id\":1,\"nome\":\"Toyota\",\"veiculoEntity\":[{\"id\":2,\"marca\":{\"id\":1,\"nome\":\"Toyota\",\"veiculoEntity\":[{\"id\":2,\"marca\":{\"id\":1,\"nome\":\"Toyota\",\"veiculoEntity\":[{\"id\":2,\"marca\":{\"id\":1,\"nome\":\"Toyota\",\"veiculoEntity\":[{\"id\":2,\"marca\":{\"id\":1,\"nome\":\"Toyota\",\"veiculoEntity\":[{\"id\":2,\"marca\":{\"id\":1,\"nome\":\"Toyota\",\"veiculoEntity\":[{\"id\":2,\"marca\":{\"id\":1,\"nome\":\"Toyota\",\"veiculoEntity\":[{\"id\":2,\"marca\":{\"id\":1,\"nome\":\"Toyota\",\"veiculoEntity\":[{\"id\":2,\"marca\":{\"id\":1,\"nome\":\"Toyota\",\"veiculoEntity\":[{\"id\":2,\"marca\":{\"id\":1,\"nome\":\"Toyota\",\"veiculoEntity\":[{\"id\":2,\"marca\":{\"id\":1,\"nome\":\"Toyota\",\"veiculoEntity\":[{\"id\":2,\"marca\":{\"id\":1,\"nome\":\"Toyota\",\"veiculoEntity\":[{\"id\":2,\"marca\":{\"id\":1,\"nome\":\"Toyota\",\"veiculoEntity\":[{\"id\":2,\"marca\":{\"id\":1,\"nome\":\"Toyota\",\"veiculoEntity\":[{\"id\":2,\"marca\":{\"id\":1,\"nome\":\"Toyota\",\"veiculoEntity\":[{\"id\":2,\"marca\":{\"id\":1,\"nome\":\"Toyota\",\"veiculoEntity\":[{\"id\":2,\"marca\":{\"id\":1,\"nome\":\"Toyota\",\"veiculoEntity\":[{\"id\":2,\"marca\":{\"id\":1,\"nome\":\"Toyota\",\"veiculoEntity\":[{\"id\":2,\"marca\":{\"id\":1,\"nome\":\"Toyota\",\"veiculoEntity\":[{\"id\":2,\"marca\":{\"id\":1,\"nome\":\"Toyota\",\"veiculoEntity\":[{\"id\":2,\"marca\":{\"id\":1,\"nome\":\"Toyota\",\"veiculoEntity\":[{\"id\":2,\"marca\":{\"id\":1,\"nome\":\"Toyota\",\"veiculoEntity\":[{\"id\":2,\"marca\":{\"id\":1,\"nome\":\"Toyota\",\"veiculoEntity\":[{\"id\":2,\"marca\":{\"id\":1,\"nome\":\"Toyota\",\"veiculoEntity\":[{\"id\":2,\"marca\":{\"id\":1,\"nome\":\"Toyota\",\"veiculoEntity\":[{\"id\":2,\"marca\":{\"id\":1,\"nome\":\"Toyota\",\"veiculoEntity\":[{\"id\":2,\"marca\":{\"id\":1,\"nome\":\"Toyota\",\"veiculoEntity\":[{\"id\":2,\"marca\":{\"id\":1,\"nome\":\"Toyota\",\"veiculoEntity\":[{\"id\":2,\"marca\":{\"id\":1,\"nome\":\"Toyota\",\"veiculoEntity\":[{\"id\":2,\"marca\":{\"id\":1,\"nome\":\"Toyota\",\"veiculoEntity\":[{\"id\":2,\"marca\":{\"id\":1,\"nome\":\"Toyota\",\"veiculoEntity\":[{\"id\":2,\"marca\":{\"id\":1,\"nome\":\"Toyota\",\"veiculoEntity\":[{\"id\":2,\"marca\":{\"id\":1,\"nome\":\"Toyota\",\"veiculoEntity\":[{\"id\":2,\"marca\":{\"id\":1,\"nome\":\"Toyota\",\"veiculoEntity\":[{\"id\":2,\"marca\":{\"id\":1,\"nome\":\"Toyota\",\"veiculoEntity\":[{\"id\":2,\"marca\":{\"id\":1,\"nome\":\"Toyota\",\"veiculoEntity\":[{\"id\":2,\"marca\":{\"id\":1,\"nome\":\"Toyota\",\"veiculoEntity\":[{\"id\":2,\"marca\":{\"id\":1,\"nome\":\"Toyota\",\"veiculoEntity\":[{\"id\":2,\"marca\":{\"id\":1,\"nome\":\"Toyota\",\"veiculoEntity\":[{\"id\":2,\"marca\":{\"id\":1,\"nome\":\"Toyota\",\"veiculoEntity\":[{\"id\":2,\"marca\":{\"id\":1,\"nome\":\"Toyota\",\"veiculoEntity\":[{\"id\":2,\"marca\":{\"id\":1,\"nome\":\"Toyota\",\"veiculoEntity\":[{\"id\":2,\"marca\":{\"id\":1,\"nome\":\"Toyota\",\"veiculoEntity\":[{\"id\":2,\"marca\":{\"id\":1,\"nome\":\"Toyota\",\"veiculoEntity\":[{\"id\":2,\"marca\":{\"id\":1,\"nome\":\"Toyota\",\"veiculoEntity\":[{\"id\":2,\"marca\":{\"id\":1,\"nome\":\"Toyota\",\"veiculoEntity\":[{\"id\":2,\"marca\":{\"id\":1,\"nome\":\"Toyota\",\"veiculoEntity\":[{\"id\":2,\"marca\":{\"id\":1,\"nome\":\"Toyota\",\"veiculoEntity\":[{\"id\":2,\"marca\":{\"id\":1,\"nome\":\"Toyota\",\"veiculoEntity\":[{\"id\":2,\"marca\":{\"id\":1,\"nome\":\"Toyota\",\"veiculoEntity\":[{\"id\":2,\"marca\":{\"id\":1,\"nome\":\"Toyota\",\"veiculoEntity\":[{\"id\":2,\"marca\":{\"id\":1,\"nome\":\"Toyota\",\"veiculoEntity\":[{\"id\":2,\"marca\":{\"id\":1,\"nome\":\"Toyota\",\"veiculoEntity\":[{\"id\":2,\"marca\":{\"id\":1,\"nome\":\"Toyota\",\"veiculoEntity\":[{\"id\":2,\"marca\":{\"id\":1,\"nome\":\"Toyota\",\"veiculoEntity\":[{\"id\":2,\"marca\":{\"id\":1,\"nome\":\"Toyota\",\"veiculoEntity\":[{\"id\":2,\"marca\":{\"id\":1,\"nome\":\"Toyota\",\"veiculoEntity\":[{\"id\":2,\"marca\":{\"id\":1,\"nome\":\"Toyota\",\"veiculoEntity\":[{\"id\":2,\"marca\":{\"id\":1,\"nome\":\"Toyota\",\"veiculoEntity\":[{\"id\":2,\"marca\":{\"id\":1,\"nome\":\"Toyota\",\"veiculoEntity\":[{\"id\":2,\"marca\":{\"id\":1,\"nome\":\"Toyota\",\"veiculoEntity\":[{\"id\":2,\"marca\":{\"id\":1,\"nome\":\"Toyota\",\"veiculoEntity\":[{\"id\":2,\"marca\":{\"id\":1,\"nome\":\"Toyota\",\"veiculoEntity\":[{\"id\":2,\"marca\":{\"id\":1,\"nome\":\"Toyota\",\"veiculoEntity\":[{\"id\":2,\"marca\":{\"id\":1,\"nome\":\"Toyota\",\"veiculoEntity\":[{\"id\":2,\"marca\":{\"id\":1,\"nome\":\"Toyota\",\"veiculoEntity\":[{\"id\":2,\"marca\":{\"id\":1,\"nome\":\"Toyota\",\"veiculoEntity\":[{\"id\":2,\"marca\":{\"id\":1,\"nome\":\"Toyota\",\"veiculoEntity\":[{\"id\":2,\"marca\":{\"id\":1,\"nome\":\"Toyota\",\"veiculoEntity\":[{\"id\":2,\"marca\":{\"id\":1,\"nome\":\"Toyota\",\"veiculoEntity\":[{\"id\":2,\"marca\":{\"id\":1,\"nome\":\"Toyota\",\"veiculoEntity\":[{\"id\":2,\"marca\":{\"id\":1,\"nome\":\"Toyota\",\"veiculoEntity\":[{\"id\":2,\"marca\":{\"id\":1,\"nome\":\"Toyota\",\"veiculoEntity\":[{\"id\":2,\"marca\":{\"id\":1,\"nome\":\"Toyota\",\"veiculoEntity\":[{\"id\":2,\"marca\":{\"id\":1,\"nome\":\"Toyota\",\"veiculoEntity\":[{\"id\":2,\"marca\":{\"id\":1,\"nome\":\"Toyota\",\"veiculoEntity\":[{\"id\":2,\"marca\":{\"id\":1,\"nome\":\"Toyota\",\"veiculoEntity\":[{\"id\":2,\"marca\":{\"id\":1,\"nome\":\"Toyota\",\"veiculoEntity\":[{\"id\":2,\"marca\":{\"id\":1,\"nome\":\"Toyota\",\"veiculoEntity\":[{\"id\":2,\"marca\":{\"id\":1,\"nome\":\"Toyota\",\"veiculoEntity\":[{\"id\":2,\"marca\":{\"id\":1,\"nome\":\"Toyota\",\"veiculoEntity\":[{\"id\":2,\"marca\":{\"id\":1,\"nome\":\"Toyota\",\"veiculoEntity\":[{\"id\":2,\"marca\":{\"id\":1,\"nome\":\"Toyota\",\"veiculoEntity\":[{\"id\":2,\"marca\":{\"id\":1,\"nome\":\"Toyota\",\"veiculoEntity\":[{\"id\":2,\"marca\":{\"id\":1,\"nome\":\"Toyota\",\"veiculoEntity\":[{\"id\":2,\"marca\":{\"id\":1,\"nome\":\"Toyota\",\"veiculoEntity\":[{\"id\":2,\"marca\":{\"id\":1,\"nome\":\"Toyota\",\"veiculoEntity\":[{\"id\":2,\"marca\":{\"id\":1,\"nome\":\"Toyota\",\"veiculoEntity\":[{\"id\":2,\"marca\":{\"id\":1,\"nome\":\"Toyota\",\"veiculoEntity\":[{\"id\":2,\"marca\":{\"id\":1,\"nome\":\"Toyota\",\"veiculoEntity\":[{\"id\":2,\"marca\":{\"id\":1,\"nome\":\"Toyota\",\"veiculoEntity\":[{\"id\":2,\"marca\":{\"id\":1,\"nome\":\"Toyota\",\"veiculoEntity\":[{\"id\":2,\"marca\":{\"id\":1,\"nome\":\"Toyota\",\"veiculoEntity\":[{\"id\":2,\"marca\":{\"id\":1,\"nome\":\"Toyota\",\"veiculoEntity\":[{\"id\":2,\"marca\":{\"id\":1,\"nome\":\"Toyota\",\"veiculoEntity\":[{\"id\":2,\"marca\":{\"id\":1,\"nome\":\"Toyota\",\"veiculoEntity\":[{\"id\":2,\"marca\":{\"id\":1,\"nome\":\"Toyota\",\"veiculoEntity\":[{\"id\":2,\"marca\":{\"id\":1,\"nome\":\"Toyota\",\"veiculoEntity\":[{\"id\":2,\"marca\":{\"id\":1,\"nome\":\"Toyota\",\"veiculoEntity\":[{\"id\":2,\"marca\":{\"id\":1,\"nome\":\"Toyota\",\"veiculoEntity\":[{\"id\":2,\"marca\":{\"id\":1,\"nome\":\"Toyota\",\"veiculoEntity\":[{\"id\":2,\"marca\":{\"id\":1,\"nome\":\"Toyota\",\"veiculoEntity\":[{\"id\":2,\"marca\":{\"id\":1,\"nome\":\"Toyota\",\"veiculoEntity\":[{\"id\":2,\"marca\":{\"id\":1,\"nome\":\"Toyota\",\"veiculoEntity\":[{\"id\":2,\"marca\":{\"id\":1,\"nome\":\"Toyota\",\"veiculoEntity\":[{\"id\":2,\"marca\":{\"id\":1,\"nome\":\"Toyota\",\"veiculoEntity\":[{\"id\":2,\"marca\":{\"id\":1,\"nome\":\"Toyota\",\"veiculoEntity\":[{\"id\":2,\"marca\":{\"id\":1,\"nome\":\"Toyota\",\"veiculoEntity\":[{\"id\":2,\"marca\":{\"id\":1,\"nome\":\"Toyota\",\"veiculoEntity\":[{\"id\":2,\"marca\":{\"id\":1,\"nome\":\"Toyota\",\"veiculoEntity\":[{\"id\":2,\"marca\":{\"id\":1,\"nome\":\"Toyota\",\"veiculoEntity\":[{\"id\":2,\"marca\":{\"id\":1,\"nome\":\"Toyota\",\"veiculoEntity\":[{\"id\":2,\"marca\":{\"id\":1,\"nome\":\"Toyota\",\"veiculoEntity\":[{\"id\":2,\"marca\":{\"id\":1,\"nome\":\"Toyota\",\"veiculoEntity\":[{\"id\":2,\"marca\":{\"id\":1,\"nome\":\"Toyota\",\"veiculoEntity\":[{\"id\":2,\"marca\":{\"id\":1,\"nome\":\"Toyota\",\"veiculoEntity\":[{\"id\":2,\"marca\":{\"id\":1,\"nome\":\"Toyota\",\"veiculoEntity\":[{\"id\":2,\"marca\":{\"id\":1,\"nome\":\"Toyota\",\"veiculoEntity\":[{\"id\":2,\"marca\":{\"id\":1,\"nome\":\"Toyota\",\"veiculoEntity\":[{\"id\":2,\"marca\":{\"id\":1,\"nome\":\"Toyota\",\"veiculoEntity\":[{\"id\":2,\"marca\":{\"id\":1,\"nome\":\"Toyota\",\"veiculoEntity\":[{\"id\":2,\"marca\":{\"id\":1,\"nome\":\"Toyota\",\"veiculoEntity\":[{\"id\":2,\"marca\":{\"id\":1,\"nome\":\"Toyota\",\"veiculoEntity\":[{\"id\":2,\"marca\":{\"id\":1,\"nome\":\"Toyota\",\"veiculoEntity\":[{\"id\":2,\"marca\":{\"id\":1,\"nome\":\"Toyota\",\"veiculoEntity\":[{\"id\":2,\"marca\":{\"id\":1,\"nome\":\"Toyota\",\"veiculoEntity\":[{\"id\":2,\"marca\":{\"id\":1,\"nome\":\"Toyota\",\"veiculoEntity\":[{\"id\":2,\"marca\":{\"id\":1,\"nome\":\"Toyota\",\"veiculoEntity\":[{\"id\":2,\"marca\":{\"id\":1,\"nome\":\"Toyota\",\"veiculoEntity\":[{\"id\":2,\"marca\":{\"id\":1,\"nome\":\"Toyota\",\"veiculoEntity\":[{\"id\":2,\"marca\":{\"id\":1,\"nome\":\"Toyota\",\"veiculoEntity\":[{\"id\":2,\"marca\":{\"id\":1,\"nome\":\"Toyota\",\"veiculoEntity\":[{\"id\":2,\"marca\":{\"id\":1,\"nome\":\"Toyota\",\"veiculoEntity\":[{\"id\":2,\"marca\":{\"id\":1,\"nome\":\"Toyota\",\"veiculoEntity\":[{\"id\":2,\"marca\":{\"id\":1,\"nome\":\"Toyota\",\"veiculoEntity\":[{\"id\":2,\"marca\":{\"id\":1,\"nome\":\"Toyota\",\"veiculoEntity\":[{\"id\":2,\"marca\":{\"id\":1,\"nome\":\"Toyota\",\"veiculoEntity\":[{\"id\":2,\"marca\":{\"id\":1,\"nome\":\"Toyota\",\"veiculoEntity\":[{\"id\":2,\"marca\":{\"id\":1,\"nome\":\"Toyota\",\"veiculoEntity\":[{\"id\":2,\"marca\":{\"id\":1,\"nome\":\"Toyota\",\"veiculoEntity\":[{\"id\":2,\"marca\":{\"id\":1,\"nome\":\"Toyota\",\"veiculoEntity\":[{\"id\":2,\"marca\":{\"id\":1,\"nome\":\"Toyota\",\"veiculoEntity\":[{\"id\":2,\"marca\":{\"id\":1,\"nome\":\"Toyota\",\"veiculoEntity\":[{\"id\":2,\"marca\":{\"id\":1,\"nome\":\"Toyota\",\"veiculoEntity\":[{\"id\":2,\"marca\":{\"id\":1,\"nome\":\"Toyota\",\"veiculoEntity\":[{\"id\":2,\"marca\":{\"id\":1,\"nome\":\"Toyota\",\"veiculoEntity\":[{\"id\":2,\"marca\":{\"id\":1,\"nome\":\"Toyota\",\"veiculoEntity\":[{\"id\":2,\"marca\":{\"id\":1,\"nome\":\"Toyota\",\"veiculoEntity\":[{\"id\":2,\"marca\":{\"id\":1,\"nome\":\"Toyota\",\"veiculoEntity\":[{\"id\":2,\"marca\":{\"id\":1,\"nome\":\"Toyota\",\"veiculoEntity\":[{\"id\":2,\"marca\":{\"id\":1,\"nome\":\"Toyota\",\"veiculoEntity\":[{\"id\":2,\"marca\":{\"id\":1,\"nome\":\"Toyota\",\"veiculoEntity\":[{\"id\":2,\"marca\":{\"id\":1,\"nome\":\"Toyota\",\"veiculoEntity\":[{\"id\":2,\"marca\":{\"id\":1,\"nome\":\"Toyota\",\"veiculoEntity\":[{\"id\":2,\"marca\":{\"id\":1,\"nome\":\"Toyota\",\"veiculoEntity\":[{\"id\":2,\"marca\":{\"id\":1,\"nome\":\"Toyota\",\"veiculoEntity\":[{\"id\":2,\"marca\":{\"id\":1,\"nome\":\"Toyota\",\"veiculoEntity\":[{\"id\":2,\"marca\":{\"id\":1,\"nome\":\"Toyota\",\"veiculoEntity\":[{\"id\":2,\"marca\":{\"id\":1,\"nome\":\"Toyota\",\"veiculoEntity\":[{\"id\":2,\"marca\":{\"id\":1,\"nome\":\"Toyota\",\"veiculoEntity\":[{\"id\":2,\"marca\":{\"id\":1,\"nome\":\"Toyota\",\"veiculoEntity\":[{\"id\":2,\"marca\":{\"id\":1,\"nome\":\"Toyota\",\"veiculoEntity\":[{\"id\":2,\"marca\":{\"id\":1,\"nome\":\"Toyota\",\"veiculoEntity\":[{\"id\":2,\"marca\":{\"id\":1,\"nome\":\"Toyota\",\"veiculoEntity\":[{\"id\":2,\"marca\":{\"id\":1,\"nome\":\"Toyota\",\"veiculoEntity\":[{\"id\":2,\"marca\":{\"id\":1,\"nome\":\"Toyota\",\"veiculoEntity\":[{\"id\":2,\"marca\":{\"id\":1,\"nome\":\"Toyota\",\"veiculoEntity\":[{\"id\":2,\"marca\":{\"id\":1,\"nome\":\"Toyota\",\"veiculoEntity\":[{\"id\":2,\"marca\":{\"id\":1,\"nome\":\"Toyota\",\"veiculoEntity\":[{\"id\":2,\"marca\":{\"id\":1,\"nome\":\"Toyota\",\"veiculoEntity\":[{\"id\":2,\"marca\":{\"id\":1,\"nome\":\"Toyota\",\"veiculoEntity\":[{\"id\":2,\"marca\":{\"id\":1,\"nome\":\"Toyota\",\"veiculoEntity\":[{\"id\":2,\"marca\":{\"id\":1,\"nome\":\"Toyota\",\"veiculoEntity\":[{\"id\":2,\"marca\":{\"id\":1,\"nome\":\"Toyota\",\"veiculoEntity\":[{\"id\":2,\"marca\":{\"id\":1,\"nome\":\"Toyota\",\"veiculoEntity\":[{\"id\":2,\"marca\":{\"id\":1,\"nome\":\"Toyota\",\"veiculoEntity\":[{\"id\":2,\"marca\":{\"id\":1,\"nome\":\"Toyota\",\"veiculoEntity\":[{\"id\":2,\"marca\":{\"id\":1,\"nome\":\"Toyota\",\"veiculoEntity\":[{\"id\":2,\"marca\":{\"id\":1,\"nome\":\"Toyota\",\"veiculoEntity\":[{\"id\":2,\"marca\":{\"id\":1,\"nome\":\"Toyota\",\"veiculoEntity\":[{\"id\":2,\"marca\":{\"id\":1,\"nome\":\"Toyota\",\"veiculoEntity\":[{\"id\":2,\"marca\":{\"id\":1,\"nome\":\"Toyota\",\"veiculoEntity\":[{\"id\":2,\"marca\":{\"id\":1,\"nome\":\"Toyota\",\"veiculoEntity\":[{\"id\":2,\"marca\":{\"id\":1,\"nome\":\"Toyota\",\"veiculoEntity\":[{\"id\":2,\"marca\":{\"id\":1,\"nome\":\"Toyota\",\"veiculoEntity\":[{\"id\":2,\"marca\":{\"id\":1,\"nome\":\"Toyota\",\"veiculoEntity\":[{\"id\":2,\"marca\":{\"id\":1,\"nome\":\"Toyota\",\"veiculoEntity\":[{\"id\":2,\"marca\":{\"id\":1,\"nome\":\"Toyota\",\"veiculoEntity\":[{\"id\":2,\"marca\":{\"id\":1,\"nome\":\"Toyota\",\"veiculoEntity\":[{\"id\":2,\"marca\":{\"id\":1,\"nome\":\"Toyota\",\"veiculoEntity\":[{\"id\":2,\"marca\":{\"id\":1,\"nome\":\"Toyota\",\"veiculoEntity\":[{\"id\":2,\"marca\":{\"id\":1,\"nome\":\"Toyota\",\"veiculoEntity\":[{\"id\":2,\"marca\":{\"id\":1,\"nome\":\"Toyota\",\"veiculoEntity\":[{\"id\":2,\"marca\":{\"id\":1,\"nome\":\"Toyota\",\"veiculoEntity\":[{\"id\":2,\"marca\":{\"id\":1,\"nome\":\"Toyota\",\"veiculoEntity\":[{\"id\":2,\"marca\":{\"id\":1,\"nome\":\"Toyota\",\"veiculoEntity\":[{\"id\":2,\"marca\":{\"id\":1,\"nome\":\"Toyota\",\"veiculoEntity\":[{\"id\":2,\"marca\":{\"id\":1,\"nome\":\"Toyota\",\"veiculoEntity\":[{\"id\":2,\"marca\":{\"id\":1,\"nome\":\"Toyota\",\"veiculoEntity\":[{\"id\":2,\"marca\":{\"id\":1,\"nome\":\"Toyota\",\"veiculoEntity\":[{\"id\":2,\"marca\":{\"id\":1,\"nome\":\"Toyota\",\"veiculoEntity\":[{\"id\":2,\"marca\":{\"id\":1,\"nome\":\"Toyota\",\"veiculoEntity\":[{\"id\":2,\"marca\":{\"id\":1,\"nome\":\"Toyota\",\"veiculoEntity\":[{\"id\":2,\"marca\":{\"id\":1,\"nome\":\"Toyota\",\"veiculoEntity\":[{\"id\":2,\"marca\":{\"id\":1,\"nome\":\"Toyota\",\"veiculoEntity\":[{\"id\":2,\"marca\":{\"id\":1,\"nome\":\"Toyota\",\"veiculoEntity\":[{\"id\":2,\"marca\":{\"id\":1,\"nome\":\"Toyota\",\"veiculoEntity\":[{\"id\":2,\"marca\":{\"id\":1,\"nome\":\"Toyota\",\"veiculoEntity\":[{\"id\":2,\"marca\":{\"id\":1,\"nome\":\"Toyota\",\"veiculoEntity\":[{\"id\":2,\"marca\":{\"id\":1,\"nome\":\"Toyota\",\"veiculoEntity\":[{\"id\":2,\"marca\":{\"id\":1,\"nome\":\"Toyota\",\"veiculoEntity\":[{\"id\":2,\"marca\":{\"id\":1,\"nome\":\"Toyota\",\"veiculoEntity\":[{\"id\":2,\"marca\":{\"id\":1,\"nome\":\"Toyota\",\"veiculoEntity\":[{\"id\":2,\"marca\":{\"id\":1,\"nome\":\"Toyota\",\"veiculoEntity\":[{\"id\":2,\"marca\":{\"id\":1,\"nome\":\"Toyota\",\"veiculoEntity\":[{\"id\":2,\"marca\":{\"id\":1,\"nome\":\"Toyota\",\"veiculoEntity\":[{\"id\":2,\"marca\":{\"id\":1,\"nome\":\"Toyota\",\"veiculoEntity\":[{\"id\":2,\"marca\":{\"id\":1,\"nome\":\"Toyota\",\"veiculoEntity\":[{\"id\":2,\"marca\":{\"id\":1,\"nome\":\"Toyota\",\"veiculoEntity\":[{\"id\":2,\"marca\":{\"id\":1,\"nome\":\"Toyota\",\"veiculoEntity\":[{\"id\":2,\"marca\":{\"id\":1,\"nome\":\"Toyota\",\"veiculoEntity\":[{\"id\":2,\"marca\":{\"id\":1,\"nome\":\"Toyota\",\"veiculoEntity\":[{\"id\":2,\"marca\":{\"id\":1,\"nome\":\"Toyota\",\"veiculoEntity\":[{\"id\":2,\"marca\":{\"id\":1,\"nome\":\"Toyota\",\"veiculoEntity\":[{\"id\":2,\"marca\":{\"id\":1,\"nome\":\"Toyota\",\"veiculoEntity\":[{\"id\":2,\"marca\":{\"id\":1,\"nome\":\"Toyota\",\"veiculoEntity\":[{\"id\":2,\"marca\":{\"id\":1,\"nome\":\"Toyota\",\"veiculoEntity\":[{\"id\":2,\"marca\":{\"id\":1,\"nome\":\"Toyota\",\"veiculoEntity\":[{\"id\":2,\"marca\":{\"id\":1,\"nome\":\"Toyota\",\"veiculoEntity\":[{\"id\":2,\"marca\":{\"id\":1,\"nome\":\"Toyota\",\"veiculoEntity\":[{\"id\":2,\"marca\":{\"id\":1,\"nome\":\"Toyota\",\"veiculoEntity\":[{\"id\":2,\"marca\":{\"id\":1,\"nome\":\"Toyota\",\"veiculoEntity\":[{\"id\":2,\"marca\":{\"id\":1,\"nome\":\"Toyota\",\"veiculoEntity\":[{\"id\":2,\"marca\":{\"id\":1,\"nome\":\"Toyota\",\"veiculoEntity\":[{\"id\":2,\"marca\":{\"id\":1,\"nome\":\"Toyota\",\"veiculoEntity\":[{\"id\":2,\"marca\":{\"id\":1,\"nome\":\"Toyota\",\"veiculoEntity\":[{\"id\":2,\"marca\":{\"id\":1,\"nome\":\"Toyota\",\"veiculoEntity\":[{\"id\":2,\"marca\":{\"id\":1,\"nome\":\"Toyota\",\"veiculoEntity\":[{\"id\":2,\"marca\":{\"id\":1,\"nome\":\"Toyota\",\"veiculoEntity\":[{\"id\":2,\"marca\":{\"id\":1,\"nome\":\"Toyota\",\"veiculoEntity\":[{\"id\":2,\"marca\":{\"id\":1,\"nome\":\"Toyota\",\"veiculoEntity\":[{\"id\":2,\"marca\":{\"id\":1,\"nome\":\"Toyota\",\"veiculoEntity\":[{\"id\":2,\"marca\":{\"id\":1,\"nome\":\"Toyota\",\"veiculoEntity\":[{\"id\":2,\"marca\":{\"id\":1,\"nome\":\"Toyota\",\"veiculoEntity\":[{\"id\":2,\"marca\":{\"id\":1,\"nome\":\"Toyota\",\"veiculoEntity\":]}}]}}]}}]}}]}}]}}]}}]}}]}}]}}]}}]}}]}}]}}]}}]}}]}}]}}]}}]}}]}}]}}]}}]}}]}}]}}]}}]}}]}}]}}]}}]}}]}}]}}]}}]}}]}}]}}]}}]}}]}}]}}]}}]}}]}}]}}]}}]}}]}}]}}]}}]}}]}}]}}]}}]}}]}}]}}]}}]}}]}}]}}]}}]}}]}}]}}]}}]}}]}}]}}]}}]}}]}}]}}]}}]}}]}}]}}]}}]}}]}}]}}]}}]}}]}}]}}]}}]}}]}}]}}]}}]}}]}}]}}]}}]}}]}}]}}]}}]}}]}}]}}]}}]}}]}}]}}]}}]}}]}}]}}]}}]}}]}}]}}]}}]}}]}}]}}]}}]}}]}}]}}]}}]}}]}}]}}]}}]}}]}}]}}]}}]}}]}}]}}]}}]}}]}}]}}]}}]}}]}}]}}]}}]}}]}}]}}]}}]}}]}}]}}]}}]}}]}}]}}]}}]}}]}}]}}]}}]}}]}}]}}]}}]}}]}}]}}]}}]}}]}}]}}]}}]}}]}}]}}]}}]}}]}}]}}]}}]}}]}}]}}]}}]}}]}}]}}]}}]}}]}}]}}]}}]}}]}}]}}]}}]}}]}}]}}]}}]}}]}}]}}]}}]}}]}}]}}]}}]}}]}}]}}]}}]}}]}}]}}]}}]}}]}}]}}]}}]}}]}}]}}]}}]}}]}}]}}]}}]}}]}}]}}]}}]}}]}}]}}]}}]}}]}}]}}]}}]}}]}}]}}]}}]}}]}}]}}]}}]}}]}}]}}]}}]}}]}}]}}]}}]}}]}}]}}]}}]}}]}}]}}]}}]}}]}}]}}]}}]}}]}}]}}]}}]}}]}}]}}]}}]}}]}}]}}]}}]}}]}}]}}]}}]}}]}}]}}]}}]}}]}}]}}]}}]}}]}}]}}]}}]}}]}}]}}]}}]}}]}}]}}]}}]}}]}}]}}]}}]}}]}}]}}]}}]}}]}}]}}]}}]}}]}}]}}]}}]}}]}}]}}]}}]}}]}}]}}]}}]}}]}}]}}]}}]}}]}}]}"
								}
							]
						},
						{
							"name": "Listar por Marca",
							"request": {
								"method": "GET",
								"header": [
									{
										"key": "Authorization",
										"value": "Bearer {{auth_token}}",
										"type": "text"
									}
								],
								"url": {
									"raw": "http://localhost:8080/veiculos/marcas/1",
									"protocol": "http",
									"host": [
										"localhost"
									],
									"port": "8080",
									"path": [
										"veiculos",
										"marcas",
										"1"
									]
								}
							},
							"response": []
						},
						{
							"name": "Listar por Faixa de Preco",
							"request": {
								"method": "GET",
								"header": [
									{
										"key": "Authorization",
										"value": "Bearer {{auth_token}}",
										"type": "text"
									}
								],
								"url": {
									"raw": "http://localhost:8080/veiculos/faixas?valor_minimo=0.00&valor_maximo=2000.00",
									"protocol": "http",
									"host": [
										"localhost"
									],
									"port": "8080",
									"path": [
										"veiculos",
										"faixas"
									],
									"query": [
										{
											"key": "valor_minimo",
											"value": "0.00"
										},
										{
											"key": "valor_maximo",
											"value": "2000.00"
										}
									]
								}
							},
							"response": []
						}
					]
				},
				{
					"name": "Login",
					"item": [
						{
							"name": "Login",
							"event": [
								{
									"listen": "test",
									"script": {
										"exec": [
											"var response = pm.response.json();",
											"",
											"if (response.jwt) {",
											"    pm.globals.set(\"auth_token\", response.jwt);",
											"    console.log(\"Token salvo:\", response.jwt);",
											"} else {",
											"    console.log(\"Token não encontrado na resposta.\");",
											"}",
											""
										],
										"type": "text/javascript",
										"packages": {}
									}
								}
							],
							"request": {
								"method": "POST",
								"header": [],
								"body": {
									"mode": "raw",
									"raw": "{\n    \"username\":\"SidneiS\",\n    \"password\":\"SidneiS@123456\"\n}",
									"options": {
										"raw": {
											"language": "json"
										}
									}
								},
								"url": {
									"raw": "http://localhost:8080/authenticate",
									"protocol": "http",
									"host": [
										"localhost"
									],
									"port": "8080",
									"path": [
										"authenticate"
									]
								}
							},
							"response": []
						}
					]
				},
				{
					"name": "Login",
					"request": {
						"method": "POST",
						"header": [],
						"body": {
							"mode": "raw",
							"raw": "{\n    \"name\":\"teste\",\n    \"password\":\"1\"\n}",
							"options": {
								"raw": {
									"language": "json"
								}
							}
						},
						"url": {
							"raw": "http://localhost:8080/login",
							"protocol": "http",
							"host": [
								"localhost"
							],
							"port": "8080",
							"path": [
								"login"
							]
						}
					},
					"response": []
				}
			]
		}
	]
}